{"cameraMode":{"drawMode":0,"name":"Shaded","section":"Shading Mode"},"sceneLighting":true,"audioPlay":false,"sceneViewState":{"m_AlwaysRefresh":false,"showFog":true,"showSkybox":true,"showFlares":true,"showImageEffects":true,"showParticleSystems":true,"showVisualEffectGraphs":true,"m_FxEnabled":true},"in2DMode":false,"pivot":{"x":-5.166853427886963,"y":0.5486292839050293,"z":-0.49515342712402346},"rotation":{"x":-0.17173556983470918,"y":0.4689635634422302,"z":-0.09350860863924027,"w":-0.8613054752349854},"size":7.252367973327637,"orthographic":false}